990 Index - Tax Year: 2021 - 2024,,
Identification (Field Name),Line #,Dependency (XML File/Attachment)
ReturnHeader,,
ReturnTs,,
TaxPeriodEndDt,A,
PreparerFirmGrp,Part II Paid Preparer Use Only,
PreparerFirmEIN,Part II Paid Preparer Use Only,
PreparerFirmName,Part II Paid Preparer Use Only,
PreparerUSAddress,Part II Paid Preparer Use Only,
PreparerForeignAddress,Part II Paid Preparer Use Only,
SoftwareId,,
SoftwareVersionNum,,
MultSoftwarePackagesUsedInd,,
ReturnTypeCd,,
TaxPeriodBeginDt,A,
Filer,,
EIN,D,
BusinessName,C,
InCareOfNm,C,
BusinessNameControlTxt,,
PhoneNum,E,
ForeignPhoneNum,E,
USAddress,C,
ForeignAddress,C,
BusinessOfficerGrp,,
PersonNm,Part II Sign Here,
PersonTitleTxt,Part II Sign Here,
PhoneNum,,
ForeignPhoneNum,,
EmailAddressTxt,,
SignatureDt,Part II Sign Here,
DiscussWithPaidPreparerInd,Part II Last Item,
IRSResponsiblePrtyInfoCurrInd,,
Form8822BAttachedInd,,
PhoneNum,,
ForeignPhoneNum,,
TaxYr,,
binaryAttachmentCnt,,
Form Number,,
BinaryAttachment,,X
IRS990ScheduleO,,X
ReasonableCauseExplanation,,X
accountingPeriodChangeCd,,
accountingPeriodChangeApprvCd,,
SpecialConditionDesc,,
AddressChangeInd,B,
NameChangeInd,B,
InitialReturnInd,B,
FinalReturnInd,B,
AmendedReturnInd,B,
ApplicationPendingInd,B,
DoingBusinessAsName,C,
PrincipalOfficerNm,F,
PrincipalOfcrBusinessName,F,
USAddress,F,
ForeignAddress,F,
GrossReceiptsAmt,G,
GroupReturnForAffiliatesInd,H(a),
AllAffiliatesIncludedInd,H(b),
AffiliateListing,H(b),X
BinaryAttachment,H(b),X
GroupExemptionNum,H(c),
Organization501c3Ind,I,
Organization501cInd,I,
organization501cTypeTxt,,
Organization4947a1NotPFInd,I,
Organization527Ind,I,
WebsiteAddressTxt,J,
TypeOfOrganizationCorpInd,K,
TypeOfOrganizationTrustInd,K,
TypeOfOrganizationAssocInd,K,
TypeOfOrganizationOtherInd,K,
OtherOrganizationDsc,K,
FormationYr,L,
LegalDomicileStateCd,M,
LegalDomicileCountryCd,M,
Part I Summary,,
ActivityOrMissionDesc,Part I Line 1,
ContractTerminationInd,Part I Line 2,
VotingMembersGoverningBodyCnt,Part I Line 3,
VotingMembersIndependentCnt,Part I Line 4,
TotalEmployeeCnt,Part I Line 5,
TotalVolunteersCnt,Part I Line 6,
TotalGrossUBIAmt,Part I Line 7a,
NetUnrelatedBusTxblIncmAmt,Part I Line 7b,
PYContributionsGrantsAmt,Part I Line 8,
CYContributionsGrantsAmt,Part I Line 8,
PYProgramServiceRevenueAmt,Part I Line 9,
CYProgramServiceRevenueAmt,Part I Line 9,
PYInvestmentIncomeAmt,Part I Line 10,
CYInvestmentIncomeAmt,Part I Line 10,
PYOtherRevenueAmt,Part I Line 11,
CYOtherRevenueAmt,Part I Line 11,
PYTotalRevenueAmt,Part I Line 12,
CYTotalRevenueAmt,Part I Line 12,
PYGrantsAndSimilarPaidAmt,Part I Line 13,
CYGrantsAndSimilarPaidAmt,Part I Line 13,
PYBenefitsPaidToMembersAmt,Part I Line 14,
CYBenefitsPaidToMembersAmt,Part I Line 14,
PYSalariesCompEmpBnftPaidAmt,Part I Line 15,
CYSalariesCompEmpBnftPaidAmt,Part I Line 15,
PYTotalProfFndrsngExpnsAmt,Part I Line 16a,
CYTotalProfFndrsngExpnsAmt,Part I Line 16a,
CYTotalFundraisingExpenseAmt,Part I Line 16b,
PYOtherExpensesAmt,Part I Line 17,
CYOtherExpensesAmt,Part I Line 17,
PYTotalExpensesAmt,Part I Line 18,
CYTotalExpensesAmt,Part I Line 18,
PYRevenuesLessExpensesAmt,Part I Line 19,
CYRevenuesLessExpensesAmt,Part I Line 19,
TotalAssetsBOYAmt,Part I Line 20,
TotalAssetsEOYAmt,Part I Line 20,
TotalLiabilitiesBOYAmt,Part I Line 21,
TotalLiabilitiesEOYAmt,Part I Line 21,
NetAssetsOrFundBalancesBOYAmt,Part I Line 22,
NetAssetsOrFundBalancesEOYAmt,Part I Line 22,
Part III Statement of Program Service Accomplishments,,
InfoInScheduleOPartIIIInd,Part III,
MissionDesc,Part III Line 1,
SignificantNewProgramSrvcInd,Part III Line 2,
SignificantChangeInd,Part III Line 3,
ActivityCd,Part III Line 4a,
ExpenseAmt,Part III Line 4a,
GrantAmt,Part III Line 4a,
RevenueAmt,Part III Line 4a,
Desc,Part III Line 4a,
ProgSrvcAccomActy2Grp,Part III Line 4b,
ActivityCd,Part III,
ExpenseAmt,Part III,
GrantAmt,Part III,
RevenueAmt,Part III,
Desc,Part III,
ProgSrvcAccomActy3Grp,Part III Line 4c,
ActivityCd,Part III,
ExpenseAmt,Part III,
GrantAmt,Part III,
RevenueAmt,Part III,
Desc,Part III,
ProgSrvcAccomActyOtherGrp,Part III Line 4d,
ActivityCd,Part III,
ExpenseAmt,Part III,
GrantAmt,Part III,
RevenueAmt,Part III,
Desc,Part III,
TotalOtherProgSrvcExpenseAmt,Part III Line 4d,
TotalOtherProgSrvcGrantAmt,Part III Line 4d,
TotalOtherProgSrvcRevenueAmt,Part III Line 4d,
TotalProgramServiceExpensesAmt,Part III Line 4e,
Part IV Checklist of Required Schedules,,
DescribedInSection501c3Ind,Part IV Line 1,
IRS990ScheduleA,Part IV Line 1,X
ScheduleBRequiredInd,Part IV Line 2,
IRS990ScheduleB,Part IV Line 2,X
PoliticalCampaignActyInd,Part IV Line 3,
IRS990ScheduleC,Part IV Line 3,X
LobbyingActivitiesInd,Part IV Line 4,
IRS990ScheduleC,Part IV Line 4,X
SubjectToProxyTaxInd,Part IV Line 5,
IRS990ScheduleC,Part IV Line 5,X
DonorAdvisedFundInd,Part IV Line 6,
IRS990ScheduleD,Part IV Line 6,X
ConservationEasementsInd,Part IV Line 7,
IRS990ScheduleD,Part IV Line 7,X
CollectionsOfArtInd,Part IV Line 8,
IRS990ScheduleD,Part IV Line 8,X
CreditCounselingInd,Part IV Line 9,
IRS990ScheduleD,Part IV Line 9,X
DonorRstrOrQuasiEndowmentsInd,Part IV Line 10,
IRS990ScheduleD,Part IV Line 10,X
ReportLandBuildingEquipmentInd,Part IV Line 11a,
IRS990ScheduleD,Part IV Line 11a,X
ReportInvestmentsOtherSecInd,Part IV Line 11b,
IRS990ScheduleD,Part IV Line 11b,X
ReportProgramRelatedInvstInd,Part IV Line 11c,
IRS990ScheduleD,Part IV Line 11c,X
ReportOtherAssetsInd,Part IV Line 11d,
IRS990ScheduleD,Part IV Line 11d,X
ReportOtherLiabilitiesInd,Part IV Line 11e,
IRS990ScheduleD,Part IV Line 11e,X
IncludeFIN48FootnoteInd,Part IV Line 11f,
IRS990ScheduleD,Part IV Line 11f,X
IndependentAuditFinclStmtInd,Part IV Line 12a,
IRS990ScheduleD,Part IV Line 12a,X
ConsolidatedAuditFinclStmtInd,Part IV Line 12b,
IRS990ScheduleD,Part IV Line 12b,X
SchoolOperatingInd,Part IV Line 13,
IRS990ScheduleE,Part IV Line 13,X
ForeignOfficeInd,Part IV Line 14a,
ForeignActivitiesInd,Part IV Line 14b,
IRS990ScheduleF,Part IV Line 14b,X
MoreThan5000KToOrgInd,Part IV Line 15,
IRS990ScheduleF,Part IV Line 15,X
MoreThan5000KToIndividualsInd,Part IV Line 16,
IRS990ScheduleF,Part IV Line 16,X
ProfessionalFundraisingInd,Part IV Line 17,
IRS990ScheduleG,Part IV Line 17,X
FundraisingActivitiesInd,Part IV Line 18,
IRS990ScheduleG,Part IV Line 18,X
GamingActivitiesInd,Part IV Line 19,
IRS990ScheduleG,Part IV Line 19,X
OperateHospitalInd,Part IV Line 20a,
IRS990ScheduleH,Part IV Line 20a,X
AuditedFinancialStmtAttInd,Part IV Line 20b,
BinaryAttachment,Part IV Line 20b,X
GrantsToOrganizationsInd,Part IV Line 21,
IRS990ScheduleI,Part IV Line 21,X
GrantsToIndividualsInd,Part IV Line 22,
IRS990ScheduleI,Part IV Line 22,X
ScheduleJRequiredInd,Part IV Line 23,
IRS990ScheduleJ,Part IV Line 23,X
TaxExemptBondsInd,Part IV Line 24a,
IRS990ScheduleK,Part IV Line 24a,X
InvestTaxExemptBondsInd,Part IV Line 24b,
EscrowAccountInd,Part IV Line 24c,
OnBehalfOfIssuerInd,Part IV Line 24d,
EngagedInExcessBenefitTransInd,Part IV Line 25a,
IRS990ScheduleL,Part IV Line 25a,X
PYExcessBenefitTransInd,Part IV Line 25b,
IRS990ScheduleL,Part IV Line 25b,X
LoanOutstandingInd,Part IV Line 26,
IRS990ScheduleL,Part IV Line 26,X
GrantToRelatedPersonInd,Part IV Line 27,
IRS990ScheduleL,Part IV Line 27,X
BusinessRlnWithOrgMemInd,Part IV Line 28a,
IRS990ScheduleL,Part IV Line 28a,X
BusinessRlnWithFamMemInd,Part IV Line 28b,
IRS990ScheduleL,Part IV Line 28b,X
BusinessRlnWith35CtrlEntInd,Part IV Line 28c,
IRS990ScheduleL,Part IV Line 28c,X
DeductibleNonCashContriInd,Part IV Line 29,
IRS990ScheduleM,Part IV Line 29,X
DeductibleArtContributionInd,Part IV Line 30,
IRS990ScheduleM,Part IV Line 30,X
TerminateOperationsInd,Part IV Line 31,
IRS990ScheduleN,Part IV Line 31,X
PartialLiquidationInd,Part IV Line 32,
IRS990ScheduleN,Part IV Line 32,X
DisregardedEntityInd,Part IV Line 33,
IRS990ScheduleR,Part IV Line 33,X
RelatedEntityInd,Part IV Line 34,
IRS990ScheduleR,Part IV Line 34,X
RelatedOrganizationCtrlEntInd,Part IV Line 35a,
TransactionWithControlEntInd,Part IV Line 35b,
IRS990ScheduleR,Part IV Line 35b,X
TrnsfrExmptNonChrtblRltdOrgInd,Part IV Line 36,
IRS990ScheduleR,Part IV Line 36,X
ActivitiesConductedPrtshpInd,Part IV Line 37,
IRS990ScheduleR,Part IV Line 37,X
ScheduleORequiredInd,Part IV Line 38,
Part V Statements Regarding Other IRS Filings and Tax Compliance,,
InfoInScheduleOPartVInd,Part V,
IRPDocumentCnt,Part V Line 1a,
IRPDocumentW2GCnt,Part V Line 1b,
BackupWthldComplianceInd,Part V Line 1c,
EmployeeCnt,Part V Line 2a,
EmploymentTaxReturnsFiledInd,Part V Line 2b,
UnrelatedBusIncmOverLimitInd,Part V Line 3a,
Form990TFiledInd,Part V Line 3b,
ForeignFinancialAccountInd,Part V Line 4a,
ForeignCountryCd,Part V Line 4b,
ProhibitedTaxShelterTransInd,Part V Line 5a,
TaxablePartyNotificationInd,Part V Line 5b,
Form8886TFiledInd,Part V Line 5c,
NondeductibleContributionsInd,Part V Line 6a,
NondeductibleContriDisclInd,Part V Line 6b,
QuidProQuoContributionsInd,Part V Line 7a,
QuidProQuoContriDisclInd,Part V Line 7b,
Form8282PropertyDisposedOfInd,Part V Line 7c,
Form8282FiledCnt,Part V Line 7d,
RcvFndsToPayPrsnlBnftCntrctInd,Part V Line 7e,
PayPremiumsPrsnlBnftCntrctInd,Part V Line 7f,
Form8899Filedind,Part V Line 7g,
Form1098CFiledInd,Part V Line 7h,
DAFExcessBusinessHoldingsInd,Part V Line 8,
TaxableDistributionsInd,Part V Line 9a,
DistributionToDonorInd,Part V Line 9b,
InitiationFeesAndCapContriAmt,Part V Line 10a,
GrossReceiptsForPublicUseAmt,Part V Line 10b,
MembersAndShrGrossIncomeAmt,Part V Line 11a,
OtherSourcesGrossIncomeAmt,Part V Line 11b,
OrgFiledInLieuOfForm1041Ind,Part V Line 12a,
TaxExemptInterestAmt,Part V Line 12b,
LicensedMoreThanOneStateInd,Part V Line 13a,
StateRequiredReservesAmt,Part V Line 13b,
ReservesMaintainedAmt,Part V Line 13c,
IndoorTanningServicesInd,Part V Line 14a,
Form720FiledInd,Part V Line 14b,
SubjToTaxRmnrtnExPrchtPymtInd,Part V Line 15,
SubjectToExcsTaxNetInvstIncInd,Part V Line 16,
ExcsTaxSect4951Or4952Or4953Ind,Part V Line 17,
"Part VI Governance, Management and Disclosure",,
Part VI Section A.  Governing Body and Management,,
InfoInScheduleOPartVIInd,Part VI,
GoverningBodyVotingMembersCnt,Part VI Section A Line 1a,
IndependentVotingMemberCnt,Part VI Section A Line 1b,
FamilyOrBusinessRlnInd,Part VI Section A Line 2,
DelegationOfMgmtDutiesInd,Part VI Section A Line 3,
ChangeToOrgDocumentsInd,Part VI Section A Line 4,
MaterialDiversionOrMisuseInd,Part VI Section A Line 5,
MembersOrStockholdersInd,Part VI Section A Line 6,
ElectionOfBoardMembersInd,Part VI Section A Line 7a,
DecisionsSubjectToApprovaInd,Part VI Section A Line 7b,
MinutesOfGoverningBodyInd,Part VI Section A Line 8a,
MinutesOfCommitteesInd,Part VI Section A Line 8b,
OfficerMailingAddressInd,Part VI Section A Line 9,
Part VI Section B.  Policies,,
LocalChaptersInd,Part VI Section B Line 10a,
PoliciesReferenceChaptersInd,Part VI Section B Line 10b,
Form990ProvidedToGvrnBodyInd,Part VI Section B Line 11,
ConflictOfInterestPolicyInd,Part VI Section B Line 12a,
AnnualDisclosureCoveredPrsnInd,Part VI Section B Line 12b,
RegularMonitoringEnfrcInd,Part VI Section B Line 12c,
WhistleblowerPolicyInd,Part VI Section B Line 13,
DocumentRetentionPolicyInd,Part VI Section B Line 14,
CompensationProcessCEOInd,Part VI Section B Line 15a,
CompensationProcessOtherInd,Part VI Section B Line 15b,
InvestmentInJointVentureInd,Part VI Section B Line 16a,
WrittenPolicyOrProcedureInd,Part VI Section B Line 16b,
Part VI Section C.  Disclosure,,
StatesWhereCopyOfReturnIsFldCd,Part VI Section C Line 17,
OwnWebsiteInd,Part VI Section C Line 18,
OtherWebsiteInd,Part VI Section C Line 18,
UponRequestInd,Part VI Section C Line 18,
OtherInd,Part VI Section C Line 18,
BooksInCareOfDetail,Part VI Section C Line 20,
PersonNm,Part VI Section C Line 20,
BusinessName,Part VI Section C Line 20,
PhoneNum,Part VI Section C Line 20,
USAddress,Part VI Section C Line 20,
ForeignAddress,Part VI Section C Line 20,
"Part VII Compensation of Officers, Directors, Trustees, Key Employees, Highest Compensated Employees, and Independent Contractors",,
InfoInScheduleOPartVIIInd,Part VII,
"Part VII Section A. Officers, Directors, Trustees, Key Employees, and Highest Compensated Employees",,
NoListedPersonsCompensatedInd,Part VII Section A,
Form990PartVIISectionAGrp,Part VII Section A,
PersonNm,Part VII Section A Line 1a A,
BusinessName,Part VII Section A Line 1a A,
TitleTxt,Part VII Section A Line 1a A,
AverageHoursPerWeekRt,Part VII Section A Line 1a B,
AverageHoursPerWeekRltdOrgRt,Part VII Section A Line 1a B,
IndividualTrusteeOrDirectorInd,Part VII Section A Line 1a C,
InstitutionalTrusteeInd,Part VII Section A Line 1a C,
OfficerInd,Part VII Section A Line 1a C,
KeyEmployeeInd,Part VII Section A Line 1a C,
HighestCompensatedEmployeeInd,Part VII Section A Line 1a C,
FormerOfcrDirectorTrusteeInd,Part VII Section A Line 1a C,
ReportableCompFromOrgAmt,Part VII Section A Line 1a D,
ReportableCompFromRltdOrgAmt,Part VII Section A Line 1a E,
OtherCompensationAmt,Part VII Section A Line 1a F,
TotalReportableCompFromOrgAmt,Part VII Section A Line 1d D,
TotReportableCompRltdOrgAmt,Part VII Section A Line 1d E,
TotalOtherCompensationAmt,Part VII Section A Line 1d F,
IndivRcvdGreaterThan100KCnt,Part VII Section A Line 2,
FormerOfcrEmployeesListedInd,Part VII Section A Line 3,
TotalCompGreaterThan150KInd,Part VII Section A Line 4,
CompensationFromOtherSrcsInd,Part VII Section A Line 5,
Part VII Section B.  Independent Contractors,,
ContractorCompensationGrp,Part VII Section B,
ContractorName,Part VII Section B,
PersonNm,Part VII Section B Line 1(A),
BusinessName,Part VII Section B Line 1(A),
ContractorAddress,Part VII Section B,
USAddress,Part VII Section B Line 1(A),
ForeignAddress,Part VII Section B Line 1(A),
ServicesDesc,Part VII Section B Line 1(B),
CompensationAmt,Part VII Section B Line 1(C),
CntrctRcvdGreaterThan100KCnt,Part VII Section B Line 2,
Part VIII Statement of Revenue,,
InfoInScheduleOPartVIIIInd,Part VIII,
FederatedCampaignsAmt,Part VIII Line 1a,
MembershipDuesAmt,Part VIII Line 1b,
FundraisingAmt,Part VIII Line 1c,
RelatedOrganizationsAmt,Part VIII Line 1d,
GovernmentGrantsAmt,Part VIII Line 1e,
AllOtherContributionsAmt,Part VIII Line 1f,
NoncashContributionsAmt,Part VIII Line 1g,
TotalContributionsAmt,Part VIII Line 1h Column (A),
ProgramServiceRevenueGrp,Part VIII Line 2a - 2e,
Desc,Part VIII Line 2a - 2e,
Form990PartVIIIGroup1,Part VIII,
BusinessCd,Part VIII,
Form990PartVIIIMainGroup,Part VIII,
TotalRevenueColumnAmt,Part VIII Column (A),
RelatedOrExemptFuncIncomeAmt,Part VIII Column (B),
UnrelatedBusinessRevenueAmt,Part VIII Column (C),
ExclusionAmt,Part VIII Column (D),
TotalOthProgramServiceRevGrp,Part VIII Line 2f,
Form990PartVIIIMainGroup,Part VIII,
TotalRevenueColumnAmt,Part VIII Column (A),
RelatedOrExemptFuncIncomeAmt,Part VIII Column (B),
UnrelatedBusinessRevenueAmt,Part VIII Column (C),
ExclusionAmt,Part VIII Column (D),
TotalProgramServiceRevenueAmt,Part VIII Line 2g,
InvestmentIncomeGrp,Part VIII Line 3,
Form990PartVIIIMainGroup,Part VIII,
TotalRevenueColumnAmt,Part VIII Column (A),
RelatedOrExemptFuncIncomeAmt,Part VIII Column (B),
UnrelatedBusinessRevenueAmt,Part VIII Column (C),
ExclusionAmt,Part VIII Column (D),
IncmFromInvestBondProceedsGrp,Part VIII Line 4,
Form990PartVIIIMainGroup,Part VIII,
TotalRevenueColumnAmt,Part VIII Column (A),
RelatedOrExemptFuncIncomeAmt,Part VIII Column (B),
UnrelatedBusinessRevenueAmt,Part VIII Column (C),
ExclusionAmt,Part VIII Column (D),
RoyaltiesRevenueGrp,Part VIII Line 5,
Form990PartVIIIMainGroup,Part VIII,
TotalRevenueColumnAmt,Part VIII Column (A),
RelatedOrExemptFuncIncomeAmt,Part VIII Column (B),
UnrelatedBusinessRevenueAmt,Part VIII Column (C),
ExclusionAmt,Part VIII Column (D),
GrossRentsGrp,Part VIII Line 6a,
RealAmt,Part VIII Column (i),
PersonalAmt,Part VIII Column (ii),
LessRentalExpensesGrp,Part VIII Line 6b,
RealAmt,Part VIII Column (i),
PersonalAmt,Part VIII Column (ii),
RentalIncomeOrLossGrp,Part VIII Line 6c,
RealAmt,Part VIII Column (i),
PersonalAmt,Part VIII Column (ii),
NetRentalIncomeOrLossGrp,Part VIII Line 6d,
Form990PartVIIIMainGroup,Part VIII,
TotalRevenueColumnAmt,Part VIII Column (A),
RelatedOrExemptFuncIncomeAmt,Part VIII Column (B),
UnrelatedBusinessRevenueAmt,Part VIII Column (C),
ExclusionAmt,Part VIII Column (D),
GrossAmountSalesAssetsGrp,Part VIII Line 7a,
SecuritiesAmt,Part VIII Column (i),
OtherAmt,Part VIII Column (ii),
LessCostOthBasisSalesExpnssGrp,Part VIII Line 7b,
SecuritiesAmt,Part VIII Column (i),
OtherAmt,Part VIII Column (ii),
GainOrLossGrp,Part VIII Line 7c,
SecuritiesAmt,Part VIII Column (i),
OtherAmt,Part VIII Column (ii),
NetGainOrLossInvestmentsGrp,Part VIII Line 7d,
Form990PartVIIIMainGroup,Part VIII,
TotalRevenueColumnAmt,Part VIII Column (A),
RelatedOrExemptFuncIncomeAmt,Part VIII Column (B),
UnrelatedBusinessRevenueAmt,Part VIII Column (C),
ExclusionAmt,Part VIII Column (D),
FundraisingGrossIncomeAmt,Part VIII Line 8a,
ContriRptFundraisingEventAmt,Part VIII Line 8a,
FundraisingDirectExpensesAmt,Part VIII Line 8b,
NetIncmFromFundraisingEvtGrp,Part VIII Line 8c,
TotalRevenueColumnAmt,Part VIII Column (A),
UnrelatedBusinessRevenueAmt,Part VIII Column (C),
ExclusionAmt,Part VIII Column (D),
GamingGrossIncomeAmt,Part VIII Line 9a,
GamingDirectExpensesAmt,Part VIII Line 9b,
NetIncomeFromGamingGrp,Part VIII Line 9c,
Form990PartVIIIMainGroup,Part VIII,
TotalRevenueColumnAmt,Part VIII Column (A),
RelatedOrExemptFuncIncomeAmt,Part VIII Column (B),
UnrelatedBusinessRevenueAmt,Part VIII Column (C),
ExclusionAmt,Part VIII Column (D),
GrossSalesOfInventoryAmt,Part VIII Line 10a,
CostOfGoodsSoldAmt,Part VIII Line 10b,
NetIncomeOrLossGrp,Part VIII Line 10c,
Form990PartVIIIMainGroup,Part VIII,
TotalRevenueColumnAmt,Part VIII Column (A),
RelatedOrExemptFuncIncomeAmt,Part VIII Column (B),
UnrelatedBusinessRevenueAmt,Part VIII Column (C),
ExclusionAmt,Part VIII Column (D),
OtherRevenueMiscGrp,Part VIII Line 11a 11b 11c,
Desc,Part VIII Line 2a - 2e,
Form990PartVIIIGroup1,Part VIII,
BusinessCd,Part VIII,
Form990PartVIIIMainGroup,Part VIII,
TotalRevenueColumnAmt,Part VIII Column (A),
RelatedOrExemptFuncIncomeAmt,Part VIII Column (B),
UnrelatedBusinessRevenueAmt,Part VIII Column (C),
ExclusionAmt,Part VIII Column (D),
MiscellaneousRevenueGrp,Part VIII Line 11d,
Form990PartVIIIMainGroup,Part VIII,
TotalRevenueColumnAmt,Part VIII Column (A),
RelatedOrExemptFuncIncomeAmt,Part VIII Column (B),
UnrelatedBusinessRevenueAmt,Part VIII Column (C),
ExclusionAmt,Part VIII Column (D),
OtherRevenueTotalAmt,Part VIII Line 11e,
TotalRevenueGrp,Part VIII Line 12,
TotalRevenueColumnAmt,Part VIII Column (A),
RelatedOrExemptFuncIncomeAmt,Part VIII Column (B),
UnrelatedBusinessRevenueAmt,Part VIII Column (C),
ExclusionAmt,Part VIII Column (D),
Part IX Statement of Functional Expenses,,
InfoInScheduleOPartIXInd,Part IX,
GrantsToDomesticOrgsGrp,Part IX Line 1,
Form990PartIXGroup1,Part IX,
TotalAmt,col (A),
ProgramServicesAmt,col (B),
GrantsToDomesticIndividualsGrp,Part IX Line 2,
Form990PartIXGroup1,Part IX,
TotalAmt,col (A),
ProgramServicesAmt,col (B),
ForeignGrantsGrp,Part IX Line 3,
Form990PartIXGroup1,Part IX,
TotalAmt,col (A),
ProgramServicesAmt,col (B),
BenefitsToMembersGrp,Part IX Line 4,
Form990PartIXGroup1,Part IX,
TotalAmt,col (A),
ProgramServicesAmt,col (B),
CompCurrentOfcrDirectorsGrp,Part IX Line 5,
Form990PartIXGroup1,Part IX,
TotalAmt,col (A),
ProgramServicesAmt,col (B),
Form990PartIXGroup2,Part IX,
ManagementAndGeneralAmt,col (C),
FundraisingAmt,col (D),
CompDisqualPersonsGrp,Part IX Line 6,
Form990PartIXGroup1,Part IX,
TotalAmt,col (A),
ProgramServicesAmt,col (B),
Form990PartIXGroup2,Part IX,
ManagementAndGeneralAmt,col (C),
FundraisingAmt,col (D),
OtherSalariesAndWagesGrp,Part IX Line 7,
Form990PartIXGroup1,Part IX,
TotalAmt,col (A),
ProgramServicesAmt,col (B),
Form990PartIXGroup2,Part IX,
ManagementAndGeneralAmt,col (C),
FundraisingAmt,col (D),
PensionPlanContributionsGrp,Part IX Line 8,
Form990PartIXGroup1,Part IX,
TotalAmt,col (A),
ProgramServicesAmt,col (B),
Form990PartIXGroup2,Part IX,
ManagementAndGeneralAmt,col (C),
FundraisingAmt,col (D),
OtherEmployeeBenefitsGrp,Part IX Line 9,
Form990PartIXGroup1,Part IX,
TotalAmt,col (A),
ProgramServicesAmt,col (B),
Form990PartIXGroup2,Part IX,
ManagementAndGeneralAmt,col (C),
FundraisingAmt,col (D),
PayrollTaxesGrp,Part IX Line 10,
Form990PartIXGroup1,Part IX,
TotalAmt,col (A),
ProgramServicesAmt,col (B),
Form990PartIXGroup2,Part IX,
ManagementAndGeneralAmt,col (C),
FundraisingAmt,col (D),
FeesForServicesManagementGrp,Part IX Line 11a,
Form990PartIXGroup1,Part IX,
TotalAmt,col (A),
ProgramServicesAmt,col (B),
Form990PartIXGroup2,Part IX,
ManagementAndGeneralAmt,col (C),
FundraisingAmt,col (D),
FeesForServicesLegalGrp,Part IX Line 11b,
Form990PartIXGroup1,Part IX,
TotalAmt,col (A),
ProgramServicesAmt,col (B),
Form990PartIXGroup2,Part IX,
ManagementAndGeneralAmt,col (C),
FundraisingAmt,col (D),
FeesForServicesAccountingGrp,Part IX Line 11c,
Form990PartIXGroup1,Part IX,
TotalAmt,col (A),
ProgramServicesAmt,col (B),
Form990PartIXGroup2,Part IX,
ManagementAndGeneralAmt,col (C),
FundraisingAmt,col (D),
FeesForServicesLobbyingGrp,Part IX Line 11d,
Form990PartIXGroup1,Part IX,
TotalAmt,col (A),
ProgramServicesAmt,col (B),
Form990PartIXGroup2,Part IX,
ManagementAndGeneralAmt,col (C),
FundraisingAmt,col (D),
FeesForServicesProfFundraising,Part IX Line 11e,
TotalAmt,col (A),
FundraisingAmt,col (D),
FeesForSrvcInvstMgmntFeesGrp,Part IX Line 11f,
Form990PartIXGroup1,Part IX,
TotalAmt,col (A),
ProgramServicesAmt,col (B),
Form990PartIXGroup2,Part IX,
ManagementAndGeneralAmt,col (C),
FundraisingAmt,col (D),
FeesForServicesOtherGrp,Part IX Line 11g,
Form990PartIXGroup1,Part IX,
TotalAmt,col (A),
ProgramServicesAmt,col (B),
Form990PartIXGroup2,Part IX,
ManagementAndGeneralAmt,col (C),
FundraisingAmt,col (D),
AdvertisingGrp,Part IX Line 12,
Form990PartIXGroup1,Part IX,
TotalAmt,col (A),
ProgramServicesAmt,col (B),
Form990PartIXGroup2,Part IX,
ManagementAndGeneralAmt,col (C),
FundraisingAmt,col (D),
OfficeExpensesGrp,Part IX Line 13,
Form990PartIXGroup1,Part IX,
TotalAmt,col (A),
ProgramServicesAmt,col (B),
Form990PartIXGroup2,Part IX,
ManagementAndGeneralAmt,col (C),
FundraisingAmt,col (D),
InformationTechnologyGrp,Part IX Line 14,
Form990PartIXGroup1,Part IX,
TotalAmt,col (A),
ProgramServicesAmt,col (B),
Form990PartIXGroup2,Part IX,
ManagementAndGeneralAmt,col (C),
FundraisingAmt,col (D),
RoyaltiesGrp,Part IX Line 15,
Form990PartIXGroup1,Part IX,
TotalAmt,col (A),
ProgramServicesAmt,col (B),
Form990PartIXGroup2,Part IX,
ManagementAndGeneralAmt,col (C),
FundraisingAmt,col (D),
OccupancyGrp,Part IX Line 16,
Form990PartIXGroup1,Part IX,
TotalAmt,col (A),
ProgramServicesAmt,col (B),
Form990PartIXGroup2,Part IX,
ManagementAndGeneralAmt,col (C),
FundraisingAmt,col (D),
TravelGrp,Part IX Line 17,
Form990PartIXGroup1,Part IX,
TotalAmt,col (A),
ProgramServicesAmt,col (B),
Form990PartIXGroup2,Part IX,
ManagementAndGeneralAmt,col (C),
FundraisingAmt,col (D),
PymtTravelEntrtnmntPubOfclGrp,Part IX Line 18,
Form990PartIXGroup1,Part IX,
TotalAmt,col (A),
ProgramServicesAmt,col (B),
Form990PartIXGroup2,Part IX,
ManagementAndGeneralAmt,col (C),
FundraisingAmt,col (D),
ConferencesMeetingsGrp,Part IX Line 19,
Form990PartIXGroup1,Part IX,
TotalAmt,col (A),
ProgramServicesAmt,col (B),
Form990PartIXGroup2,Part IX,
ManagementAndGeneralAmt,col (C),
FundraisingAmt,col (D),
InterestGrp,Part IX Line 20,
Form990PartIXGroup1,Part IX,
TotalAmt,col (A),
ProgramServicesAmt,col (B),
Form990PartIXGroup2,Part IX,
ManagementAndGeneralAmt,col (C),
FundraisingAmt,col (D),
PaymentsToAffiliatesGrp,Part IX Line 21,
Form990PartIXGroup1,Part IX,
TotalAmt,col (A),
ProgramServicesAmt,col (B),
Form990PartIXGroup2,Part IX,
ManagementAndGeneralAmt,col (C),
FundraisingAmt,col (D),
DepreciationDepletionGrp,Part IX Line 22,
Form990PartIXGroup1,Part IX,
TotalAmt,col (A),
ProgramServicesAmt,col (B),
Form990PartIXGroup2,Part IX,
ManagementAndGeneralAmt,col (C),
FundraisingAmt,col (D),
InsuranceGrp,Part IX Line 23,
Form990PartIXGroup1,Part IX,
TotalAmt,col (A),
ProgramServicesAmt,col (B),
Form990PartIXGroup2,Part IX,
ManagementAndGeneralAmt,col (C),
FundraisingAmt,col (D),
OtherExpensesGrp,Part IX Line 24a - 24d,
Desc,Part IX,
Form990PartIXGroup1,Part IX,
TotalAmt,col (A),
ProgramServicesAmt,col (B),
Form990PartIXGroup2,Part IX,
ManagementAndGeneralAmt,col (C),
FundraisingAmt,col (D),
AllOtherExpensesGrp,Part IX Line 24e,
Form990PartIXGroup1,Part IX,
TotalAmt,col (A),
ProgramServicesAmt,col (B),
Form990PartIXGroup2,Part IX,
ManagementAndGeneralAmt,col (C),
FundraisingAmt,col (D),
TotalFunctionalExpensesGrp,Part IX Line 25,
TotalAmt,col (A),
ProgramServicesAmt,col (B),
JointCostsInd,Part IX Line 26,
TotalJointCostsGrp,Part IX Line 26,
Form990PartIXGroup1,Part IX,
TotalAmt,col (A),
ProgramServicesAmt,col (B),
Form990PartIXGroup2,Part IX,
ManagementAndGeneralAmt,col (C),
FundraisingAmt,col (D),
Part X  Balance Sheet,,
InfoInScheduleOPartXInd,Part X,
CashNonInterestBearingGrp,Part X Line 1,
BOYAmt,Part X Column (A),
EOYAmt,Part X Column (B),
SavingsAndTempCashInvstGrp,Part X Line 2,
BOYAmt,Part X Column (A),
EOYAmt,Part X Column (B),
PledgesAndGrantsReceivableGrp,Part X Line 3,
BOYAmt,Part X Column (A),
EOYAmt,Part X Column (B),
AccountsReceivableGrp,Part X Line 4,
BOYAmt,Part X Column (A),
EOYAmt,Part X Column (B),
ReceivablesFromOfficersEtcGrp,Part X Line 5,
BOYAmt,Part X Column (A),
EOYAmt,Part X Column (B),
RcvblFromDisqualifiedPrsnGrp,Part X Line 6,
BOYAmt,Part X Column (A),
EOYAmt,Part X Column (B),
OthNotesLoansReceivableNetGrp,Part X Line 7,
BOYAmt,Part X Column (A),
EOYAmt,Part X Column (B),
InventoriesForSaleOrUseGrp,Part X Line 8,
BOYAmt,Part X Column (A),
EOYAmt,Part X Column (B),
PrepaidExpensesDefrdChargesGrp,Part X Line 9,
BOYAmt,Part X Column (A),
EOYAmt,Part X Column (B),
LandBldgEquipCostOrOtherBssAmt,Part X Line 10a,
LandBldgEquipAccumDeprecAmt,Part X Line 10b,
LandBldgEquipBasisNetGrp,Part X Line 10c,
BOYAmt,Part X Column (A),
EOYAmt,Part X Column (B),
InvestmentsPubTradedSecGrp,Part X Line 11,
BOYAmt,Part X Column (A),
EOYAmt,Part X Column (B),
InvestmentsOtherSecuritiesGrp,Part X Line 12,
BOYAmt,Part X Column (A),
EOYAmt,Part X Column (B),
InvestmentsProgramRelatedGrp,Part X Line 13,
BOYAmt,Part X Column (A),
EOYAmt,Part X Column (B),
IntangibleAssetsGrp,Part X Line 14,
BOYAmt,Part X Column (A),
EOYAmt,Part X Column (B),
OtherAssetsTotalGrp,Part X Line 15,
BOYAmt,Part X Column (A),
EOYAmt,Part X Column (B),
TotalAssetsGrp,Part X Line 16,
BOYAmt,Part X Column (A),
EOYAmt,Part X Column (B),
AccountsPayableAccrExpnssGrp,Part X Line 17,
BOYAmt,Part X Column (A),
EOYAmt,Part X Column (B),
GrantsPayableGrp,Part X Line 18,
BOYAmt,Part X Column (A),
EOYAmt,Part X Column (B),
DeferredRevenueGrp,Part X Line 19,
BOYAmt,Part X Column (A),
EOYAmt,Part X Column (B),
TaxExemptBondLiabilitiesGrp,Part X Line 20,
BOYAmt,Part X Column (A),
EOYAmt,Part X Column (B),
EscrowAccountLiabilityGrp,Part X Line 21,
BOYAmt,Part X Column (A),
EOYAmt,Part X Column (B),
LoansFromOfficersDirectorsGrp,Part X Line 22,
BOYAmt,Part X Column (A),
EOYAmt,Part X Column (B),
MortgNotesPyblScrdInvstPropGrp,Part X Line 23,
BOYAmt,Part X Column (A),
EOYAmt,Part X Column (B),
UnsecuredNotesLoansPayableGrp,Part X Line 24,
BOYAmt,Part X Column (A),
EOYAmt,Part X Column (B),
OtherLiabilitiesGrp,Part X Line 25,
BOYAmt,Part X Column (A),
EOYAmt,Part X Column (B),
TotalLiabilitiesGrp,Part X Line 26,
BOYAmt,Part X Column (A),
EOYAmt,Part X Column (B),
Part X Balance Sheet,Part X,
Part X Net Assets or Fund Balances Section,Part X,
OrganizationFollowsFASB117Ind,Part X,
NoDonorRestrictionNetAssestGrp,Part X Line 27,
BOYAmt,Part X Column (A),
EOYAmt,Part X Column (B),
DonorRestrictionNetAssetsGrp,Part X Line 28,
BOYAmt,Part X Column (A),
EOYAmt,Part X Column (B),
OrgDoesNotFollowFASB117Ind,Part X,
CapStkTrPrinCurrentFundsGrp,Part X Line 29,
BOYAmt,Part X Column (A),
EOYAmt,Part X Column (B),
PdInCapSrplsLandBldgEqpFundGrp,Part X Line 30,
BOYAmt,Part X Column (A),
EOYAmt,Part X Column (B),
RtnEarnEndowmentIncmOthFndsGrp,Part X Line 31,
BOYAmt,Part X Column (A),
EOYAmt,Part X Column (B),
TotalNetAssetsFundBalanceGrp,Part X Line 32,
BOYAmt,Part X Column (A),
EOYAmt,Part X Column (B),
TotLiabNetAssetsFundBalanceGrp,Part X Line 33,
BOYAmt,Part X Column (A),
EOYAmt,Part X Column (B),
Part XI Reconciliation of Net Assets,Part XI,
InfoInScheduleOPartXIInd,Part XI,
ReconciliationTotalRevenue,Part XI Line 1,
ReconciliationTotalExpenses,Part XI Line 2,
ReconcilationRevenueExpnssAmt,Part XI Line 3,
ReconciliationNetAssets,Part XI Line 4,
NetUnrlzdGainsLossesInvstAmt,Part XI Line 5,
DonatedServicesAndUseFcltsAmt,Part XI Line 6,
InvestmentExpenseAmt,Part XI Line 7,
PriorPeriodAdjustmentsAmt,Part XI Line 8,
OtherChangesInNetAssetsAmt,Part XI Line 9,
ReconciliationNetAssetsEOY,Part XI Line 10,
Part XII Financial Statements and Reporting,Part XII,
InfoInScheduleOPartXIIInd,Part XII,
MethodOfAccountingCashInd,Part XII Line 1,
MethodOfAccountingAccrualInd,Part XII Line 1,
MethodOfAccountingOtherInd,Part XII Line 1,
methodOfAccountingOtherDesc,Part XII Line 1,
AccountantCompileOrReviewInd,Part XII Line 2a,
AcctCompileOrReviewBasisGrp,Part XII Line 2a,
SeparateBasisFinclStmtInd,Part XII Lines 2a and 2b,
ConsolidatedBasisFinclStmtInd,Part XII Lines 2a and 2b,
ConsolAndSepBasisFinclStmtInd,Part XII Lines 2a and 2b,
FSAuditedInd,Part XII Line 2b,
FSAuditedBasisGrp,Part XII Line 2b,
SeparateBasisFinclStmtInd,Part XII Lines 2a and 2b,
ConsolidatedBasisFinclStmtInd,Part XII Lines 2a and 2b,
ConsolAndSepBasisFinclStmtInd,Part XII Lines 2a and 2b,
AuditCommitteeInd,Part XII Line 2c,
FederalGrantAuditRequiredInd,Part XII Line 3a,
FederalGrantAuditPerformedInd,Part XII Line 3b,
990-EZ Index - Tax Year: 2020 - 2024,,
Identification (Field Name),Line #,Dependency (XML File/Attachment)
ReturnHeader,,
ReturnTs,,
TaxPeriodEndDt,A,
PreparerFirmGrp,Paid Preparer Use Only Section,
PreparerFirmEIN,Paid Preparer Use Only Section,
PreparerFirmName,Paid Preparer Use Only Section,
PreparerUSAddress,Paid Preparer Use Only Section,
PreparerForeignAddress,Paid Preparer Use Only Section,
SoftwareId,,
SoftwareVersionNum,,
MultSoftwarePackagesUsedInd,,
ReturnTypeCd,,
TaxPeriodBeginDt,A,
Filer,,
EIN,D,
BusinessName,C,
InCareOfNm,C,
BusinessNameControlTxt,,
PhoneNum,E,
ForeignPhoneNum,E,
USAddress,C,
ForeignAddress,C,
BusinessOfficerGrp,,
PersonNm,Sign Here Section,
PersonTitleTxt,Sign Here Section,
PhoneNum,,
ForeignPhoneNum,,
EmailAddressTxt,,
SignatureDt,Sign Here Section,
DiscussWithPaidPreparerInd,Last item on return,
IRSResponsiblePrtyInfoCurrInd,,
Form8822BAttachedInd,,
PhoneNum,,
ForeignPhoneNum,,
TaxYr,,
binaryAttachmentCnt,,
IRS990EZ,,
BinaryAttachment,,X
IRS990ScheduleO,,X
ReasonableCauseExplanation,,X
TransfersPersonalBenefitsContractsDeclaration,,X
accountingPeriodChangeCd,,
accountingPeriodChangeApprvCd,,
SpecialConditionDesc,,
AddressChangeInd,B,
NameChangeInd,B,
InitialReturnInd,B,
FinalReturnInd,B,
AmendedReturnInd,B,
ApplicationPendingInd,B,
GroupExemptionNum,F,
MethodOfAccountingCashInd,G,
MethodOfAccountingAccrualInd,G,
MethodOfAccountingOtherDesc,G,
ScheduleBNotRequiredInd,H,
WebsiteAddressTxt,I,
Organization501c3Ind,J,
IRS990ScheduleA,J,X
Organization501cInd,J,
organization501cTypeTxt,J,
Organization4947a1NotPFInd,J,
IRS990ScheduleA,J,X
Organization527Ind,J,
TypeOfOrganizationCorpInd,K,
TypeOfOrganizationTrustInd,K,
TypeOfOrganizationAssocInd,K,
TypeOfOrganizationOtherInd,K,
TypeOfOrganizationOtherDesc,K,
GrossReceiptsAmt,L,
"Part I Revenue, Expenses, and Changes in Net Assets or Fund Balances",,
InfoInScheduleOPartIInd,Part I,
ContributionsGiftsGrantsEtcAmt,Part I Line 1,
ProgramServiceRevenueAmt,Part I Line 2,
MembershipDuesAmt,Part I Line 3,
InvestmentIncomeAmt,Part I Line 4,
SaleOfAssetsGrossAmt,Part I Line 5a,
CostOrOtherBasisExpenseSaleAmt,Part I Line 5b,
GainOrLossFromSaleOfAssetsAmt,Part I Line 5c,
GamingGrossIncomeAmt,Part I Line 6a,
IRS990ScheduleG,Part I Line 6a,X
FundraisingGrossIncomeAmt,Part I Line 6b,
IRS990ScheduleG,Part I Line 6b,X
fndrsngEventContriPrevRptAmt,Part I Line 6b,
SpecialEventsDirectExpensesAmt,Part I Line 6c,
SpecialEventsNetIncomeLossAmt,Part I Line 6d,
GrossSalesOfInventoryAmt,Part I Line 7a,
CostOfGoodsSoldAmt,Part I Line 7b,
GrossProfitLossSlsOfInvntryAmt,Part I Line 7c,
OtherRevenueTotalAmt,Part I Line 8,
TotalRevenueAmt,Part I Line 9,
GrantsAndSimilarAmountsPaidAmt,Part I Line 10,
BenefitsPaidToOrForMembersAmt,Part I Line 11,
SalariesOtherCompEmplBnftAmt,Part I Line 12,
FeesAndOtherPymtToIndCntrctAmt,Part I Line 13,
OccupancyRentUtltsAndMaintAmt,Part I Line 14,
PrintingPublicationsPostageAmt,Part I Line 15,
OtherExpensesTotalAmt,Part I Line 16,
TotalExpensesAmt,Part I Line 17,
ExcessOrDeficitForYearAmt,Part I Line 18,
NetAssetsOrFundBalancesBOYAmt,Part I Line 19,
OtherChangesInNetAssetsAmt,Part I Line 20,
NetAssetsOrFundBalancesEOYAmt,Part I Line 21,
Part II Balance Sheets,,
InfoInScheduleOPartIIInd,Part II,
CashSavingsAndInvestmentsGrp,Part II Line 22,
BOYAmt,Part II - Column (A),
EOYAmt,Part II - Column (B),
LandAndBuildingsGrp,Part II Line 23,
BOYAmt,Part II - Column (A),
EOYAmt,Part II - Column (B),
OtherAssetsTotalDetail,Part II Line 24,
BOYAmt,Part II - Column (A),
EOYAmt,Part II - Column (B),
Form990TotalAssetsGrp,Part II Line 25,
BOYAmt,Part II - Column (A),
EOYAmt,Part II - Column (B),
SumOfTotalLiabilitiesGrp,Part II Line 26,
BOYAmt,Part II - Column (A),
EOYAmt,Part II - Column (B),
NetAssetsOrFundBalancesGrp,Part II Line 27,
BOYAmt,Part II Line 27 Column (A),
EOYAmt,Part II Line 27 Column (B),
Part III Statement of Program Service Accomplishments,,
InfoInScheduleOPartIIIInd,Part III,
PrimaryExemptPurposeTxt,Part III,
ProgramSrvcAccomplishmentGrp,Part III Line (28-31),
DescriptionProgramSrvcAccomTxt,Part III,
GrantsAndAllocationsAmt,Part III,
ForeignGrantsInd,Part III,
ProgramServiceExpensesAmt,Part III,
TotalProgramServiceExpensesAmt,Part III Line 32,
"Part IV List of Officers, Director, Trustees, and Key Employees",,
InfoInScheduleOPartIVInd,Part IV,
OfficerDirectorTrusteeEmplGrp,Part IV,
PersonNm,Part IV - Column (a),
CompensationExplanation,Part IV - Column (a),X
BusinessName,Part IV - Column (a),
CompensationExplanation,Part IV - Column (a),X
TitleTxt,Part IV - Column (a),
AverageHrsPerWkDevotedToPosRt,Part IV - Column (b),
CompensationAmt,Part IV - Column (c),
EmployeeBenefitProgramAmt,Part IV - Column (d),
ExpenseAccountOtherAllwncAmt,Part IV - Column (e),
Part V Other Information,,
InfoInScheduleOPartVInd,Part V,
ActivitiesNotPreviouslyRptInd,Part V Line 33,
ChgMadeToOrgnzngDocNotRptInd,Part V Line 34,
OrganizationHadUBIInd,Part V Line 35a,
OrganizationFiled990TInd,Part V Line 35b,
SubjectToProxyTaxInd,Part V Line 35c,
IRS990ScheduleC,Part V Line 35c,X
OrganizationDissolvedEtcInd,Part V Line 36,
IRS990ScheduleN,Part V Line 36,X
BinaryAttachment,Part V Line 36,X
DirectIndirectPltclExpendAmt,Part V Line 37a,
Form1120PolFiledInd,Part V Line 37b,
MadeLoansToFromOfficersInd,Part V Line 38a,
LoansToFromOfficersAmt,Part V Line 38b,
IRS990ScheduleL,Part V Line 38b,X
InitiationFeesAndCapContriAmt,Part V Line 39a,
GrossReceiptsForPublicUseAmt,Part V Line 39b,
TaxImposedUnderIRC4911Amt,Part V Line 40a,
TaxImposedUnderIRC4912Amt,Part V Line 40a,
TaxImposedUnderIRC4955Amt,Part V Line 40a,
EngagedInExcessBenefitTransInd,Part V Line 40b,
IRS990ScheduleL,Part V Line 40b,X
TaxImposedOnOrganizationMgrAmt,Part V Line 40c,
TaxReimbursedByOrganizationAmt,Part V Line 40d,
ProhibitedTaxShelterTransInd,Part V Line 40e,
StatesWhereCopyOfReturnIsFldCd,Part V Line 41,
BooksInCareOfDetail,Part V Line 42a,
PersonNm,Part V Line 42a,
BusinessName,Part V Line 42a,
USAddress,Part V Line 42a,
ForeignAddress,Part V Line 42a,
PhoneNum,Part V Line 42a,
ForeignFinancialAccountInd,Part V Line 42b,
ForeignFinancialAccountCntryCd,Part V Line 42b,
ForeignOfficeInd,Part V Line 42c,
ForeignOfficeCountryCd,Part V Line 42c,
NECTFilingForm990Ind,Part V Line 43,
interestAmt,Part V Line 43,
DonorAdvisedFndsInd,Part V Line 44a,
OperateHospitalInd,Part V Line 44b,
TanningServicesProvidedInd,Part V Line 44c,
Form720FiledInd,Part V Line 44d,
RelatedOrganizationCtrlEntInd,Part V Line 45a,
TransactionWithControlEntInd,Part V Line 45b,
PoliticalCampaignActyInd,Part V Line 46,
IRS990ScheduleC,Part V Line 46,X
Part VI Section 501(c)(3) Organizations Only,,
InfoInScheduleOPartVIInd,Part VI,
LobbyingActivitiesInd,Part VI Line 47,
IRS990ScheduleC,Part VI Line 47,X
SchoolOperatingInd,Part VI Line 48,
IRS990ScheduleE,Part VI Line 48,X
TrnsfrExmptNonChrtblRltdOrgInd,Part VI Line 49a,
RelatedOrgSect527OrgInd,Part VI Line 49b,
CompensationHighestPaidEmplGrp,Part VI Line 50,
PersonNm,Part VI Line 50 Column (a),
EmployeeCompensationExplanation,Part VI Line 50 Column (a),
TitleTxt,Part VI Line 50 Column (a),
AverageHoursPerWeekRt,Part VI Line 50 Column (b),
CompensationAmt,Part VI Line 50 Column (c),
EmployeeBenefitsAmt,Part VI Line 50 Column (d),
ExpenseAccountAmt,Part VI Line 50 Column (e),
PartVIOfCompOfHghstPdEmplTxt,Part VI Line 50,
OtherEmployeePaidOver100kCnt,Part VI Line 50f,
CompensationOfHghstPdCntrctGrp,Part VI Line 51,
BusinessName,Part VI Line 51 Column (a),
ContractorCompensationExplanation,Part VI Line 51 Column (a),X
PersonNm,Part VI Line 51 Column (a),
ContractorCompensationExplanation,Part VI Line 51 Column (a),X
USAddress,Part VI Line 51 Column (a),
ForeignAddress,Part VI Line 51 Column (a),
ServiceTypeTxt,Part VI Line 51 Column (b),
CompensationAmt,Part VI Line 51 Column (c),
PartVIHghstPdCntrctProfSrvcTxt,Part VI Line 51,
CntrctRcvdGreaterThan100KCnt,Part VI Line 51d,
FiledScheduleAInd,Part VI Line 52,
990-PF Index - Tax Year: 2022 - 2024,,
Identification (Field Name),Line #,Dependency (XML File/Attachment)
ReturnHeader,,
ReturnTs,,
TaxPeriodEndDt,First item on return,
PreparerFirmGrp,Paid Preparer Use Only Section,
PreparerFirmEIN,Paid Preparer Use Only Section,
PreparerFirmName,Paid Preparer Use Only Section,
PreparerUSAddress,Paid Preparer Use Only Section,
PreparerForeignAddress,Paid Preparer Use Only Section,
SoftwareId,,
SoftwareVersionNum,,
MultSoftwarePackagesUsedInd,,
ReturnTypeCd,,
TaxPeriodBeginDt,First item on return,
Filer,,
EIN,A,
BusinessName,Second item on return,
InCareOfNm,Second item on return,
BusinessNameControlTxt,,
PhoneNum,B,
ForeignPhoneNum,B,
USAddress,Third item on return,
ForeignAddress,Third item on return,
BusinessOfficerGrp,,
PersonNm,Sign Here Section,
PersonTitleTxt,Sign Here Section,
PhoneNum,,
ForeignPhoneNum,,
EmailAddressTxt,,
SignatureDt,Sign Here Section,
DiscussWithPaidPreparerInd,Last item on return,
IRSResponsiblePrtyInfoCurrInd,,
Form8822BAttachedInd,,
PhoneNum,,
ForeignPhoneNum,,
TaxYr,,
binaryAttachmentCnt,,
IRS990PF,,
BinaryAttachment,,X
ReasonableCauseExplanation,,X
GeneralExplanationAttachment,,X
accountingPeriodChangeCd,,
accountingPeriodChangeApprvCd,,
SpecialConditionDesc,,
ApplicationPendingInd,C,
ForeignOrganizationInd,D1,
ForeignOrgMeeting85PctTestInd,D2,
PFStatusTermSect507b1AInd,E,
PF60MonthTermSect507b1BInd,F,
InitialReturnInd,G,
InitialReturnFormerPubChrtyInd,G,
FinalReturnInd,G,
AmendedReturnInd,G,
AddressChangeInd,G,
NameChangeInd,G,
Organization501c3ExemptPFInd,H,
Organization4947a1TrtdPFInd,H,
Organization501c3TaxablePFInd,H,
FMVAssetsEOYAmt,I,
MethodOfAccountingCashInd,J,
MethodOfAccountingAccrualInd,J,
MethodOfAccountingOtherInd,J,
methodOfAccountingOtherDesc,J,
Part I Analysis of Revenue and Expenses,,
AnalysisOfRevenueAndExpenses,Part I,
ContriRcvdRevAndExpnssAmt,Part I Line 1(a),
ScheduleBNotRequiredInd,Part I Line 2,
InterestOnSavRevAndExpnssAmt,Part I Line 3(a),
InterestOnSavNetInvstIncmAmt,Part I Line 3(b),
InterestOnSavingsAdjNetIncmAmt,Part I Line 3(c),
DividendsRevAndExpnssAmt,Part I Line 4(a),
DividendsNetInvstIncmAmt,Part I Line 4(b),
DividendsAdjNetIncmAmt,Part I Line 4(c),
GrossRentsRevAndExpnssAmt,Part I Line 5a(a),
GrossRentsNetInvstIncmAmt,Part I Line 5a(b),
GrossRentsAdjNetIncmAmt,Part I Line 5a(c),
NetRentalIncomeOrLossAmt,Part I Line 5b,
NetGainSaleAstRevAndExpnssAmt,Part I Line 6a(a),
GainLossFromSaleOtherAssetsSchedule,Part I Line 6a(a),X
GrossSalesPriceAmt,Part I Line 6b,
CapGainNetIncmNetInvstIncmAmt,Part I Line 7(b),
NetSTCapitalGainAdjNetIncmAmt,Part I Line 8(c),
IncmModificationsAdjNetIncmAmt,Part I Line 9(c),
GrossSalesLessRetAndAllwncAmt,Part I Line 10a,
CostOfGoodsSoldAmt,Part I Line 10b,
GrossProfitRevAndExpnssAmt,Part I Line 10c(a),
SalesOfInventorySchedule,Part I Line 10c(a),X
GrossProfitAdjNetIncmAmt,Part I Line 10c(c),
OtherIncomeRevAndExpnssAmt,Part I Line 11(a),
OtherIncomeSchedule2,Part I Line 11(a),X
OtherIncomeNetInvstIncmAmt,Part I Line 11(b),
OtherIncomeAdjNetIncmAmt,Part I Line 11(c),
TotalRevAndExpnssAmt,Part I Line 12(a),
TotalNetInvstIncmAmt,Part I Line 12(b),
TotalAdjNetIncmAmt,Part I Line 12(c),
CompOfcrDirTrstRevAndExpnssAmt,Part I Line 13(a),
CompOfcrDirTrstNetInvstIncmAmt,Part I Line 13(b),
CompOfcrDirTrstAdjNetIncmAmt,Part I Line 13(c),
CompOfcrDirTrstDsbrsChrtblAmt,Part I Line 13(d),
OthEmplSlrsWgsRevAndExpnssAmt,Part I Line 14(a),
OthEmplSlrsWgsNetInvstIncmAmt,Part I Line 14(b),
OthEmplSlrsWgsAdjNetIncmAmt,Part I Line 14(c),
OthEmplSlrsWgsDsbrsChrtblAmt,Part I Line 14(d),
PensionEmplBnftRevAndExpnssAmt,Part I Line 15(a),
PensionEmplBnftNetInvstIncmAmt,Part I Line 15(b),
PensionEmplBnftAdjNetIncmAmt,Part I Line 15(c),
PensionEmplBnftDsbrsChrtblAmt,Part I Line 15(d),
LegalFeesRevAndExpnssAmt,Part I Line 16a(a),
LegalFeesSchedule,Part I Line 16a(a),X
LegalFeesNetInvstIncmAmt,Part I Line 16a(b),
LegalFeesAdjNetIncmAmt,Part I Line 16a(c),
LegalFeesDsbrsChrtblAmt,Part I Line 16a(d),
AccountingFeesRevAndExpnssAmt,Part I Line 16b(a),
AccountingFeesSchedule,Part I Line 16b(a),X
AccountingFeesNetInvstIncmAmt,Part I Line 16b(b),
AccountingFeesAdjNetIncmAmt,Part I Line 16b(c),
AccountingFeesChrtblPrpsAmt,Part I Line 16b(d),
OtherProfFeesRevAndExpnssAmt,Part I Line 16c(a),
OtherProfessionalFeesSchedule,Part I Line 16c(a),X
OtherProfFeesNetInvstIncmAmt,Part I Line 16c(b),
OtherProfFeesAdjNetIncmAmt,Part I Line 16c(c),
OtherProfFeesDsbrsChrtblAmt,Part I Line 16c(d),
InterestRevAndExpnssAmt,Part I Line 17(a),
InterestNetInvstIncmAmt,Part I Line 17(b),
InterestAdjNetIncmAmt,Part I Line 17(c),
InterestDsbrsChrtblAmt,Part I Line 17(d),
TaxesRevAndExpnssAmt,Part I Line 18(a),
TaxesSchedule,Part I Line 18(a),X
TaxesNetInvstIncmAmt,Part I Line 18(b),
TaxesAdjNetIncmAmt,Part I Line 18(c),
TaxesDsbrsChrtblAmt,Part I Line 18(d),
DeprecAndDpltnRevAndExpnssAmt,Part I Line 19(a),
DepreciationSchedule,Part I Line 19(a),X
DeprecAndDpltnNetInvstIncmAmt,Part I Line 19(b),
DeprecAndDpltnAdjNetIncmAmt,Part I Line 19(c),
OccupancyRevAndExpnssAmt,Part I Line 20(a),
OccupancyNetInvstIncmAmt,Part I Line 20(b),
OccupancyAdjNetIncmAmt,Part I Line 20(c),
OccupancyDsbrsChrtblAmt,Part I Line 20(d),
TravConfMeetingRevAndExpnssAmt,Part I Line 21(a),
TravConfMeetingNetInvstIncmAmt,Part I Line 21(b),
TravConfMeetingAdjNetIncmAmt,Part I Line 21(c),
TravConfMeetingDsbrsChrtblAmt,Part I Line 21(d),
PrintingAndPubRevAndExpnssAmt,Part I Line 22(a),
PrintingAndPubNetInvstIncmAmt,Part I Line 22(b),
PrintingAndPubAdjNetIncmAmt,Part I Line 22(c),
PrintingAndPubDsbrsChrtblAmt,Part I Line 22(d),
OtherExpensesRevAndExpnssAmt,Part I Line 23(a),
AmortizationSchedule,Part I Line 23(a),X
OtherExpensesSchedule,Part I Line 23(a),X
OtherExpensesNetInvstIncmAmt,Part I Line 23(b),
OtherExpensesAdjNetIncmAmt,Part I Line 23(c),
OtherExpensesDsbrsChrtblAmt,Part I Line 23(d),
TotOprExpensesRevAndExpnssAmt,Part I Line 24(a),
TotOprExpensesNetInvstIncmAmt,Part I Line 24(b),
TotOprExpensesAdjNetIncmAmt,Part I Line 24(c),
TotOprExpensesDsbrsChrtblAmt,Part I Line 24(d),
ContriPaidRevAndExpnssAmt,Part I Line 25(a),
ContriPaidDsbrsChrtblAmt,Part I Line 25(d),
TotalExpensesRevAndExpnssAmt,Part I Line 26(a),
TotalExpensesNetInvstIncmAmt,Part I Line 26(b),
TotalExpensesAdjNetIncmAmt,Part I Line 26(c),
TotalExpensesDsbrsChrtblAmt,Part I Line 26(d),
ExcessRevenueOverExpensesAmt,Part I Line 27a(a),
NetInvestmentIncomeAmt,Part I Line 27b(b),
AdjustedNetIncomeAmt,Part I Line 27c(c),
Part II Balance Sheets,,
Form990PFBalanceSheetsGrp,Part II,
CashBOYAmt,Part II Line 1(a),
CashEOYAmt,Part II Line 1(b),
CashEOYFMVAmt,Part II Line 1(c),
SavAndTempCashInvstBOYAmt,Part II Line 2(a),
SavAndTempCashInvstEOYAmt,Part II Line 2(b),
SavAndTempCashInvstEOYFMVAmt,Part II Line 2(c),
AcctRcvblAmt,Part II Line 3,
AcctRcvblAllwncDbtflAcctAmt,Part II Line 3,
AcctRcvblBOYAmt,Part II Line 3(a),
AcctRcvblEOYAmt,Part II Line 3(b),
AcctRcvblEOYFMVAmt,Part II Line 3(c),
PledgesRcvblAmt,Part II Line 4,
PledgesRcvblAllwncDbtflAcctAmt,Part II Line 4,
PledgesRcvblBOYAmt,Part II Line 4(a),
PledgesRcvblEOYAmt,Part II Line 4(b),
PledgesRcvblEOYFMVAmt,Part II Line 4(c),
GrantsReceivableBOYAmt,Part II Line 5(a),
GrantsReceivableEOYAmt,Part II Line 5(b),
GrantsReceivableEOYFMVAmt,Part II Line 5(c),
RcvblFromOfficersBOYAmt,Part II Line 6(a),
RcvblFromOfficersEOYAmt,Part II Line 6(b),
OtherReceivablesFromOfficersSchedule,Part II Line 6(b),X
RcvblFromOfficersEOYFMVAmt,Part II Line 6(c),
OtherNtsAndLoansRcvblAmt,Part II Line 7,
OtherRcvblAllwncDbtflAcctAmt,Part II Line 7,
OtherNtsAndLoansRcvblBOYAmt,Part II Line 7(a),
OtherNtsAndLoansRcvblEOYAmt,Part II Line 7(b),
OtherNotesLoansReceivableLongSchedule,Part II Line 7(b),X
OtherNotesLoansReceivableShortSchedule2,Part II Line 7(b),X
OtherNtsAndLoansRcvblEOYFMVAmt,Part II Line 7(c),
InventoriesBOYAmt,Part II Line 8(a),
InventoriesEOYAmt,Part II Line 8(b),
InventoriesEOYFMVAmt,Part II Line 8(c),
PrepaidExpensesBOYAmt,Part II Line 9(a),
PrepaidExpensesEOYAmt,Part II Line 9(b),
PrepaidExpensesEOYFMVAmt,Part II Line 9(c),
USGovernmentObligationsBOYAmt,Part II Line 10a(a),
USGovernmentObligationsEOYAmt,Part II Line 10a(b),
InvestmentsGovtObligationsSchedule,Part II Line 10a(b),X
USGovtObligationsEOYFMVAmt,Part II Line 10a(c),
CorporateStockBOYAmt,Part II Line 10b(a),
CorporateStockEOYAmt,Part II Line 10b(b),
InvestmentsCorpStockSchedule,Part II Line 10b(b),X
CorporateStockEOYFMVAmt,Part II Line 10b(c),
CorporateBondsBOYAmt,Part II Line 10c(a),
CorporateBondsEOYAmt,Part II Line 10c(b),
InvestmentsCorpBondsSchedule,Part II Line 10c(b),
CorporateBondsEOYFMVAmt,Part II Line 10c(c),
InvstLandCostOrOtherBasisAmt,Part II Line 11,
InvstLandAccumDepreciationAmt,Part II Line 11,
LandBldgInvestmentsBOYAmt,Part II Line 11(a),
LandBldgInvestmentsEOYAmt,Part II Line 11(b),
InvestmentsLandSchedule2,Part II Line 11(b),
LandBldgInvestmentsEOYFMVAmt,Part II Line 11(c),
MortgageLoansBOYAmt,Part II Line 12(a),
MortgageLoansEOYAmt,Part II Line 12(b),
MortgageLoansEOYFMVAmt,Part II Line 12(c),
OtherInvestmentsBOYAmt,Part II Line 13(a),
OtherInvestmentsEOYAmt,Part II Line 13(b),
InvestmentsOtherSchedule2,Part II Line 13(b),X
OtherInvestmentsEOYFMVAmt,Part II Line 13(c),
LandBldgEquipCostOrOtherBssAmt,Part II Line 14,
LandBldgEquipAccumDeprecAmt,Part II Line 14,
LandBOYAmt,Part II Line 14(a),
LandEOYAmt,Part II Line 14(b),
LandEtcSchedule2,Part II Line 14(b),X
LandEOYFMVAmt,Part II Line 14(c),
OtherAssetsBOYAmt,Part II Line 15(a),
OtherAssetsSchedule,Part II Line 15(a),X
OtherAssetsEOYAmt,Part II Line 15(b),
OtherAssetsSchedule,Part II Line 15(b),X
OtherAssetsEOYFMVAmt,Part II Line 15(c),
OtherAssetsSchedule,Part II Line 15(c),X
TotalAssetsBOYAmt,Part II Line 16(a),
TotalAssetsEOYAmt,Part II Line 16(b),
TotalAssetsEOYFMVAmt,Part II Line 16(c),
AccountsPayableBOYAmt,Part II Line 17(a),
AccountsPayableEOYAmt,Part II Line 17(b),
GrantsPayableBOYAmt,Part II Line 18(a),
GrantsPayableEOYAmt,Part II Line 18(b),
DeferredRevenueBOYAmt,Part II Line 19(a),
DeferredRevenueEOYAmt,Part II Line 19(b),
LoansFromOfficersBOYAmt,Part II Line 20(a),
LoansFromOfficersEOYAmt,Part II Line 20(b),
LoansFromOfficersSchedule,Part II Line 20(b),X
MortgagesAndNotesPayableBOYAmt,Part II Line 21(a),
MortgagesAndNotesPayableEOYAmt,Part II Line 21(b),
MortgagesAndNotesPayableSchedule,Part II Line 21(b),X
OtherLiabilitiesBOYAmt,Part II Line 22(a),
OtherLiabilitiesSchedule,Part II Line 22(a),X
OtherLiabilitiesEOYAmt,Part II Line 22(b),
OtherLiabilitiesSchedule,Part II Line 22(b),X
TotalLiabilitiesBOYAmt,Part II Line 23(a),
TotalLiabilitiesEOYAmt,Part II Line 23(b),
OrganizationFollowsFASB117Ind,Part II Line 23,
NoDonorRstrNetAssestsBOYAmt,Part II Line 24(a),
NoDonorRstrNetAssestsEOYAmt,Part II Line 24(b),
DonorRstrNetAssetsBOYAmt,Part II Line 25(a),
DonorRstrNetAssetsEOYAmt,Part II Line 25(b),
OrgDoesNotFollowFASB117Ind,Part II Line 25,
CapitalStockBOYAmt,Part II Line 26(a),
CapitalStockEOYAmt,Part II Line 26(b),
AdditionalPaidInCapitalBOYAmt,Part II Line 27(a),
AdditionalPaidInCapitalEOYAmt,Part II Line 27(b),
RetainedEarningBOYAmt,Part II Line 28(a),
RetainedEarningEOYAmt,Part II Line 28(b),
TotNetAstOrFundBalancesBOYAmt,Part II Line 29(a),
TotNetAstOrFundBalancesEOYAmt,Part II Line 29(b),
TotalLiabilitiesNetAstBOYAmt,Part II Line 30(a),
TotalLiabilitiesNetAstEOYAmt,Part II Line 30(b),
Part III Analysis of Changes in Net Assets or Fund Balances,,
ChgInNetAssetsFundBalancesGrp,Part III,
TotNetAstOrFundBalancesBOYAmt,Part III Line 1,
ExcessRevenueOverExpensesAmt,Part III Line 2,
OtherIncreasesAmt,Part III Line 3,
OtherIncreasesSchedule,Part III Line 3,X
SubtotalAmt,Part III Line 4,
OtherDecreasesAmt,Part III Line 5,
OtherDecreasesSchedule,Part III Line 5,X
TotNetAstOrFundBalancesEOYAmt,Part III Line 6,
Part IV Capital Gains and Losses for Tax on Investment Income,,
CapGainsLossTxInvstIncmDetail,Part IV,
CapGainsLossTxInvstIncmGrp,Part IV,
PropertyDesc,Part IV Line 1(a),
HowAcquiredCd,Part IV Line 1(b),
AcquiredDt,Part IV Line 1(c),
SoldDt,Part IV Line 1(d),
GrossSalesPriceAmt,Part IV Line 1(e),
DepreciationAmt,Part IV Line 1(f),
CostOrOtherBasisAmt,Part IV Line 1(g),
GainOrLossAmt,Part IV Line 1(h),
FMVAsOf123169Amt,Part IV Line 1(i),
AdjustedBasisAsOf123169Amt,Part IV Line 1(j),
ExcessFMVOverAdjustedBssAmt,Part IV Line 1(k),
GainsMinusExcessOrLossesAmt,Part IV Line 1(l),
CapitalGainNetIncomeAmt,Part IV Line 2,
NetShortTermCapitalGainLossAmt,Part IV Line 3,
"Part V Excise Tax Based on Investment Income (Section 4940(a), 4940(b), 4940(e) or 4948)",,
ExciseTaxBasedOnInvstIncmGrp,Part V,
ExemptOperatingFoundationsInd,Part V Line 1a,
RulingLetterDt,Part V Line 1a,
InvestmentIncomeExciseTaxAmt,Part V Line 1,
NotApplicableCd,Part V Line 1,
TaxUnderSection511Amt,Part V Line 2,
TaxUnderSection511Statement,Part V Line 2,X
SubtotalAmt,Part V Line 3,
SubtitleATaxAmt,Part V Line 4,
TaxBasedOnInvestmentIncomeAmt,Part V Line 5,
EstimatedPlusOvpmtIncmTxAmt,Part V Line 6a,
ExemptFrgnOrgTaxWthldAtSrceAmt,Part V Line 6b,
IRS1042S,Part V Line 6b,X
ExtsnRequestIncomeTaxPaidAmt,Part V Line 6c,
BackupWithholdingWithheldAmt,Part V Line 6d,
TotalPaymentsAndCreditsAmt,Part V Line 7,
OriginalReturnTaxPaidAmt,Part V Line 7 Tax Paid with Orig Return,
OriginalReturnOverpaymentAmt,Part V Line 7 Orig Return Overpayment,
Form2220AttachedInd,Part V Line 8,
IRS2220,Part V Line 8,X
EsPenaltyAmt,Part V Line 8,
TaxDueAmt,Part V Line 9,
OverpaymentAmt,Part V Line 10,
AppliedToESTaxAmt,Part V Line 11,
RefundAmt,Part V Line 11,
Part VI-A Statements Regarding Activities,,
StatementsRegardingActyGrp,Part VI-A,
LegislativePoliticalActyInd,Part VI-A Line 1a,
ExplanationOfLegisPoliticalActivities,Part VI-A Line 1a,X
BinaryAttachment,Part VI-A Line 1a,X
MoreThan100SpentInd,Part VI-A Line 1b,
Form1120POLFiledInd,Part VI-A Line 1c,
Section4955OrganizationTaxAmt,Part VI-A Line 1d(1),
Section4955ManagersTaxAmt,Part VI-A Line 1d(2),
TaxReimbursedAmt,Part VI-A Line 1e,
ActivitiesNotPreviouslyRptInd,Part VI-A Line 2,
ActivitiesNotPreviouslyReportedExplanation,Part VI-A Line 2,X
ChangesToArticlesOrBylawsInd,Part VI-A Line 3,
BinaryAttachment,Part VI-A Line 3,X
UnrelatedBusIncmOverLimitInd,Part VI-A Line 4a,
Form990TFiledInd,Part VI-A Line 4b,
OrganizationDissolvedEtcInd,Part VI-A Line 5,
DissolutionStatement,Part VI-A Line 5,X
LiquidationExplanationStatement,Part VI-A Line 5,X
BinaryAttachment,Part VI-A Line 5,X
Section508eRqrSatisfiedInd,Part VI-A Line 6,
AtLeast5000InAssetsInd,Part VI-A Line 7,
OrgReportOrRegisterStateCd,Part VI-A Line 8a,
Form990PFFiledWithAttyGenInd,Part VI-A Line 8b,
ExplanationOfNonFilingWithAGStatement,Part VI-A Line 8b,X
PrivateOperatingFoundationInd,Part VI-A Line 9,
NewSubstantialContributorsInd,Part VI-A Line 10,
SubstantialContributorsSchedule,Part VI-A Line 10,X
OwnControlledEntityInd,Part VI-A Line 11,
TransfersFromControlledEntitiesSchedule,Part VI-A Line 11,X
TransfersToControlledEntitiesSchedule,Part VI-A Line 11,X
DonorAdvisedFundInd,Part VI-A Line 12,
DonorAdvisedFundStatement,Part VI-A Line 12,X
ComplyWithPublicInspRqrInd,Part VI-A Line 13,
WebsiteAddressTxt,Part VI-A Line 13,
PersonsWithBooksName,Part VI-A Line 14,
IndividualWithBooksNm,Part VI-A Line 14,
PhoneNum,Part VI-A Line 14,
LocationOfBooksUSAddress,Part VI-A Line 14,
LocationOfBooksForeignAddress,Part VI-A Line 14,
NECTFilingInLieuOFForm1041Ind,Part VI-A Line 15,
TaxExemptInterestAmt,Part VI-A Line 15,
ForeignAccountsQuestionInd,Part VI-A Line 16,
ForeignCountryCd,Part VI-A Line 16,
Part VI-B Statements Regarding Activities for Which Form 4720 May Be Required,,
StatementsRegardingActy4720Grp,Part VI-B,
SaleOrExchDisqualifiedPrsnInd,Part VI-B Line 1a(1),
BrrwOrLendDisqualifiedPrsnInd,Part VI-B Line 1a(2),
FurnGoodsDisqualifiedPrsnInd,Part VI-B Line 1a(3),
PayCompDisqualifiedPrsnInd,Part VI-B Line 1a(4),
TransferAstDisqualifiedPrsnInd,Part VI-B Line 1a(5),
PaymentToGovernmentOfficialInd,Part VI-B Line 1a(6),
ActsFailToQlfyAsExceptionsInd,Part VI-B Line 1b,
RelyingCurrentNtcDsstrAsstInd,Part VI-B Line 1c,
UncorrectedPriorActsInd,Part VI-B Line 1d,
UndistributedIncomePYInd,Part VI-B Line 2a,
UndistributedIncomePY1Yr,Part VI-B Line 2a,
UndistributedIncomePY2Yr,Part VI-B Line 2a,
UndistributedIncomePY3Yr,Part VI-B Line 2a,
UndistributedIncomePY4Yr,Part VI-B Line 2a,
UndistrIncmSect4942a2NotAppInd,Part VI-B Line 2b,
Section4942a2ExplanationStatement,Part VI-B Line 2b,X
UndistrIncmSect4942a2AppYr1Yr,Part VI-B Line 2c,
UndistrIncmSect4942a2AppYr2Yr,Part VI-B Line 2c,
UndistrIncmSect4942a2AppYr3Yr,Part VI-B Line 2c,
UndistrIncmSect4942a2AppYr4Yr,Part VI-B Line 2c,
BusinessHoldingsInd,Part VI-B Line 3a,
ExcessBusinessHoldingsInd,Part VI-B Line 3b,
JeopardyInvestmentsInd,Part VI-B Line 4a,
UncorrectedPYJeopardyInvstInd,Part VI-B Line 4b,
InfluenceLegislationInd,Part VI-B Line 5a(1),
InfluenceElectionInd,Part VI-B Line 5a(2),
GrantsToIndividualsInd,Part VI-B Line 5a(3),
GrantsToOrganizationsInd,Part VI-B Line 5a(4),
NoncharitablePurposeInd,Part VI-B Line 5a(5),
TransactionsFailToQlfyAsExcInd,Part VI-B Line 5b,
RelyingCurrentNtcDsstrAsst1Ind,Part VI-B Line 5b,
MaintainedExpenditureRspnsInd,Part VI-B Line 5c,
ExpenditureResponsibilityStatement,Part VI-B Line 5c,X
RcvFndsToPayPrsnlBnftCntrctInd,Part VI-B Line 6a,
PayPremiumsPrsnlBnftCntrctInd,Part VI-B Line 6b,
ProhibitedTaxShelterTransInd,Part VI-B Line 7a,
ProceedsOrNetIncomeInd,Part VI-B Line 7b,
SubjToTaxRmnrtnExPrchtPymtInd,Part VI-B Line 8,
"Part VII Information About Officers, Directors, Trustees, Foundation Managers, Highly Paid Employees,  and Contractors",,
OfficerDirTrstKeyEmplInfoGrp,Part VII,
OfficerDirTrstKeyEmplGrp,Part VII Line 1,
PersonNm,Part VII Line 1(a),
CompensationExplanation,Part VII Line 1(a),X
BusinessName,Part VII Line 1(a),
CompensationExplanation,Part VII Line 1(a),X
USAddress,Part VII Line 1(a),
ForeignAddress,Part VII Line 1(a),
TitleTxt,Part VII Line 1(b),
AverageHrsPerWkDevotedToPosRt,Part VIII Line 1(b),
CompensationAmt,Part VII Line 1(c),
EmployeeBenefitProgramAmt,Part VII Line 1(d),
ExpenseAccountOtherAllwncAmt,Part VII Line 1(e),
CompensationHighestPaidEmplGrp,Part VII Line 2,
PersonNm,Part VII Line 2(a),
EmployeeCompensationExplanation,Part VII Line 2(a),X
USAddress,Part VII Line 2(a),
ForeignAddress,Part VII Line 2(a),
TitleTxt,Part VII Line 2(b),
AverageHrsPerWkDevotedToPosRt,Part VII Line 2(b),
CompensationAmt,Part VII Line 2(c),
EmployeeBenefitsAmt,Part VII Line 2(d),
ExpenseAccountAmt,Part VII Line 2(e),
CompOfHghstPdEmplOrNONETxt,Part VII Line 2,
OtherEmployeePaidOver50kCnt,Part VII Line 2,
CompensationOfHghstPdCntrctGrp,Part VII Line 3,
BusinessName,Part VII Line 3(a),
ContractorCompensationExplanation,Part VII Line 3(a),X
PersonNm,Part VII Line 3(a),
ContractorCompensationExplanation,Part VII Line 3(a),X
USAddress,Part VII Line 3(a),
ForeignAddress,Part VII Line 3(a),
ServiceTypeTxt,Part VII Line 3(b),
CompensationAmt,Part VII Line 3(c),
CompOfHghstPdCntrctOrNONETxt,Part VII Line 3,
ContractorPaidOver50kCnt,Part VII Line 3,
Part VIII-A Summary of Direct Charitable Activities,,
SummaryOfDirectChrtblActyGrp,Part VIII-A,
Description1Txt,Part VIII-A Line 1,
Expenses1Amt,Part VIII-A Line 1,
Description2Txt,Part VIII-A Line 2,
Expenses2Amt,Part VIII-A Line 2,
Description3Txt,Part VIII-A Line 3,
Expenses3Amt,Part VIII-A Line 3,
Description4Txt,Part VIII-A Line 4,
Expenses4Amt,Part VIII-A Line 4,
Part VIII-B of Program-Related Investments,,
SumOfProgramRelatedInvstGrp,Part VIII-B,
Description1Txt,Part VIII-B Line 1,
Expenses1Amt,Part VIII-B Line 1,
Description2Txt,Part VIII-B Line 2,
Expenses2Amt,Part VIII-B  VIII-B Line 2,
AllOtherProgramRltdInvstTotAmt,Part VIII-B Line 3,
AllOtherProgramRelatedInvestmentsSchedule,Part VIII-B Line 3,X
TotalAmt,Part VIII-B Total,
Part IX Minimum Investment Return,,
MinimumInvestmentReturnGrp,Part IX,
AverageMonthlyFMVOfSecAmt,Part IX Line 1a,
AverageMonthlyCashBalancesAmt,Part IX Line 1b,
FMVAllOtherNoncharitableAstAmt,Part IX Line 1c,
TotalFMVOfUnusedAssetsAmt,Part IX Line 1d,
ReductionClaimedAmt,Part IX Line 1e,
ReductionExplanationStatement,Part IX Line 1e,X
AcquisitionIndebtednessAmt,Part IX Line 2,
AdjustedTotalFMVOfUnusedAstAmt,Part IX Line 3,
CashDeemedCharitableAmt,Part IX Line 4,
CashDeemedCharitableExplanationStatement,Part IX Line 4,X
NetVlNoncharitableAssetsAmt,Part IX Line 5,
MinimumInvestmentReturnAmt,Part IX Line 6,
Part X Distributable Amount,,
DistributableAmountGrp,Part X,
Sect4942j3j5FndtnAndFrgnOrgInd,Part X,
MinimumInvestmentReturnAmt,Part X Line 1,
TaxBasedOnInvestmentIncomeAmt,Part X Line 2a,
IncomeTaxAmt,Part X Line 2b,
TotalTaxAmt,Part X Line 2c,
DistributableBeforeAdjAmt,Part X Line 3,
RecoveriesQualfiedDistriAmt,Part X Line 4,
DistributableBeforeDedAmt,Part X Line 5,
DeductionFromDistributableAmt,Part X Line 6,
DistributableAsAdjustedAmt,Part X Line 7,
Part XI Qualifying Distributions,,
PFQualifyingDistributionsGrp,Part XI,
ExpensesAndContributionsAmt,Part XI Line 1a,
BorrowedFundsElection,Part XI Line 1a,X
ProgramRelatedInvstTotalAmt,Part XI Line 1b,
CharitableAssetsAcquisPaidAmt,Part XI Line 2,
SetAsideSuitabilityTestAmt,Part XI Line 3a,
SetAsideCashDistriTestAmt,Part XI Line 3b,
CashDistributionExplanationStatement,Part XI Line 3b,X
QualifyingDistributionsAmt,Part XI Line 4,
Part XII Undistributed Income,,
UndistributedIncomeGrp,Part XII,
DistributableAsAdjustedAmt,Part XII Line 1(d),
UndistributedIncomePYAmt,Part XII Line 2a(c),
PriorYear1Yr,Part XII Line 2b,
PriorYear2Yr,Part XII Line 2b,
PriorYear3Yr,Part XII Line 2b,
TotalForPriorYearsAmt,Part XII Line 2b(b),
ExcessDistributionCyovYr5Amt,Part XII Line 3a,
ExcessDistributionCyovYr4Amt,Part XII Line 3b,
ExcessDistributionCyovYr3Amt,Part XII Line 3c,
ExcessDistributionCyovYr2Amt,Part XII Line 3d,
ExcessDistributionCyovYr1Amt,Part XII Line 3e,
TotalExcessDistributionCyovAmt,Part XII Line 3f(a),
QualifyingDistributionsAmt,Part XII Line 4,
AppliedToYear1Amt,Part XII Line 4a(c),
AppliedToPriorYearsAmt,Part XII Line 4b(b),
AppliedToPriorYearElection,Part XII Line 4b(b),X
TreatedAsDistriFromCorpusAmt,Part XII Line 4c(a),
DistributionFromCorpusElection,Part XII Line 4c(a),X
AppliedToCurrentYearAmt,Part XII Line 4d(d),
RemainingDistriFromCorpusAmt,Part XII Line 4e(a),
ExcessDistriCyovAppCYCorpusAmt,Part XII Line 5(a),
ExcessDistributionCyovAppCYAmt,Part XII Line 5(d),
TotalCorpusAmt,Part XII Line 6a(a),
PriorYearUndistributedIncmAmt,Part XII Line 6b(b),
PriorYearDeficiencyOrTaxAmt,Part XII Line 6c(b),
Taxable1Amt,Part XII Line 6d(b),
Taxable2Amt,Part XII Line 6e(c),
UndistributedIncomeCYAmt,Part XII Line 6f(d),
CorpusDistri170b1EOr4942g3Amt,Part XII Line 7(a),
ExcessDistriCyovFromYr5Amt,Part XII Line 8(a),
ExcessDistriCyovToNextYrAmt,Part XII Line 9(a),
ExcessFromYear4Amt,Part XII Line 10a,
ExcessFromYear3Amt,Part XII Line 10b,
ExcessFromYear2Amt,Part XII Line 10c,
ExcessFromYear1Amt,Part XII Line 10d,
ExcessFromCurrentYearAmt,Part XII Line 10e,
Part XIII Private Operating Foundations,,
PrivateOperatingFoundationsGrp,Part XIII,
PrivateOperatingFndtnRulingDt,Part XIII Line 1a,
Section4942j3Ind,Part XIII Line 1b,
Section4942j5Ind,Part XIII Line 1b,
LessorAdjNetIncmMinInvstRetGrp,Part XIII Line 2a,
CurrentYearAmt,column (a),
Year1Amt,column (b),
Year2Amt,column (c),
Year3Amt,column (d),
TotalAmt,column (e),
Pct85LessorAdjIncmOrMinRetGrp,Part XIII Line 2b,
CurrentYearAmt,column (a),
Year1Amt,column (b),
Year2Amt,column (c),
Year3Amt,column (d),
TotalAmt,column (e),
QualifyingDistributionsGrp,Part XIII Line 2c,
CurrentYearAmt,column (a),
Year1Amt,column (b),
Year2Amt,column (c),
Year3Amt,column (d),
TotalAmt,column (e),
QualifyingDistriNotUsedDrtGrp,Part XIII Line 2d,
CurrentYearAmt,column (a),
Year1Amt,column (b),
Year2Amt,column (c),
Year3Amt,column (d),
TotalAmt,column (e),
QualifyingDistriMadeDrtGrp,Part XIII Line 2e,
CurrentYearAmt,column (a),
Year1Amt,column (b),
Year2Amt,column (c),
Year3Amt,column (d),
TotalAmt,column (e),
TotalAssetsGrp,Part XIII Line 3a(1),
CurrentYearAmt,column (a),
Year1Amt,column (b),
Year2Amt,column (c),
Year3Amt,column (d),
TotalAmt,column (e),
TotalAssetsSect4942j3BiGrp,Part XIII Line 3a(2),
CurrentYearAmt,column (a),
Year1Amt,column (b),
Year2Amt,column (c),
Year3Amt,column (d),
TotalAmt,column (e),
TwoThirdsMinimumInvstRetGrp,Part XIII Line 3b,
CurrentYearAmt,column (a),
Year1Amt,column (b),
Year2Amt,column (c),
Year3Amt,column (d),
TotalAmt,column (e),
TotalSupportGrp,Part XIII Line 3c(1),
CurrentYearAmt,column (a),
Year1Amt,column (b),
Year2Amt,column (c),
Year3Amt,column (d),
TotalAmt,column (e),
PublicSupportType,Part XIII Line 3c(2),
CurrentYearAmt,column (a),
Year1Amt,column (b),
Year2Amt,column (c),
Year3Amt,column (d),
TotalAmt,column (e),
LargestSupportFromEOGrp,Part XIII Line 3c(3),
CurrentYearAmt,column (a),
Year1Amt,column (b),
Year2Amt,column (c),
Year3Amt,column (d),
TotalAmt,column (e),
GrossInvestmentIncomeGrp,Part XIII Line 3c(4),
CurrentYearAmt,column (a),
Year1Amt,column (b),
Year2Amt,column (c),
Year3Amt,column (d),
TotalAmt,column (e),
Part XIV Supplementary Information,,
SupplementaryInformationGrp,Part XIV,
ContributingManagerNm,Part XIV  Line 1a,
ShareholderManagerNm,Part XIV Line 1b,
OnlyContriToPreselectedInd,Part XIV Line 2,
ApplicationSubmissionInfoGrp,Part XIV Line 2a-2d,
RecipientPersonNm,Part XIV Line 2a,
RecipientUSAddress,Part XIV Line 2a,
RecipientForeignAddress,Part XIV Line 2a,
RecipientPhoneNum,Part XIV Line 2a,
RecipientEmailAddressTxt,Part XIV  Line 2a,
FormAndInfoAndMaterialsTxt,Part XIV Line 2b,
SubmissionDeadlinesTxt,Part XIV Line 2c,
RestrictionsOnAwardsTxt,Part XIV Line 2d,
GrantOrContributionPdDurYrGrp,Part XIV Line 3a,
RecipientPersonNm,Part XIV Line 3a - first column,
RecipientBusinessName,Part XIV Line 3a - first column,
RecipientUSAddress,Part XIV Line 3a - first column,
RecipientForeignAddress,Part XIV Line 3a - first column,
RecipientRelationshipTxt,Part XIV Line 3a - second column,
RecipientFoundationStatusTxt,Part XIV Line 3a - third column,
GrantOrContributionPurposeTxt,Part XIV Line 3a - fourth columm,
Amt,Part XIV Line 3a - fifth column,
TotalGrantOrContriPdDurYrAmt,Part XIV Line 3a Total,
GrantOrContriApprvForFutGrp,Part XIV Line 3b,
RecipientPersonNm,Part XIV Line 3b - first column,
RecipientBusinessName,Part XIV Line 3b - first column,
RecipientUSAddress,Part XIV Line 3b - first column,
RecipientForeignAddress,Part XIV Line 3b - first column,
RecipientRelationshipTxt,Part XIV Line 3b - second column,
RecipientFoundationStatusTxt,Part XIV Line 3b - third column,
GrantOrContributionPurposeTxt,Part XIV Line 3b - fourth column,
Amt,Part XIV Line 3b - fifth column,
TotalGrantOrContriApprvFutAmt,Part XIV Line 3b Total,
Part XV-A Analysis of Income-Producing Activities,,
AnalysisIncomeProducingActyGrp,Part XV-A,
ProgramServiceRevenueDtl,Part XV-A Line 1,
Desc,Part XV-A Line 1,
UnrltBusinessAndExclusionNNGrp,Part XV-A - Columns (A-D),
BusinessCd,Part XV-A - Column (A),
UnrelatedBusinessTaxblIncmAmt,Part XV-A - Column (B),
ExclusionCd,Part XV-A - Column (C),
ExclusionAmt,Part XV-A - Column (D),
RelatedOrExemptFunctionIncmAmt,Part XV-A - Column (E),
FeesContractsFromGovtAgGrp,Part XV-A Line 1g,
UnrltBusinessAndExclusionNNGrp,Part XV-A - Columns (A-D),
BusinessCd,Part XV-A - Column (A),
UnrelatedBusinessTaxblIncmAmt,Part XV-A - Column (B),
ExclusionCd,Part XV-A - Column (C),
ExclusionAmt,Part XV-A - Column (D),
RelatedOrExemptFunctionIncmAmt,Part XV-A - Column (E),
MembershipDuesAndAssmntGrp,Part XV-A Line 2,
UnrltBusinessAndExclusionNNGrp,Part XV-A - Columns (A-D),
BusinessCd,Part XV-A - Column (A),
UnrelatedBusinessTaxblIncmAmt,Part XV-A - Column (B),
ExclusionCd,Part XV-A - Column (C),
ExclusionAmt,Part XV-A - Column (D),
RelatedOrExemptFunctionIncmAmt,Part XV-A - Column (E),
IntOnSavAndTempCashInvstGrp,Part XV-A Line 3,
UnrltBusinessAndExclusionNNGrp,Part XV-A - Columns (A-D),
BusinessCd,Part XV-A - Column (A),
UnrelatedBusinessTaxblIncmAmt,Part XV-A - Column (B),
ExclusionCd,Part XV-A - Column (C),
ExclusionAmt,Part XV-A - Column (D),
RelatedOrExemptFunctionIncmAmt,Part XV-A - Column (E),
DividendsAndInterestFromSecDtl,Part XV-A Line 4,
UnrltBusinessAndExclusionNNGrp,Part XV-A - Columns (A-D),
BusinessCd,Part XV-A - Column (A),
UnrelatedBusinessTaxblIncmAmt,Part XV-A - Column (B),
ExclusionCd,Part XV-A - Column (C),
ExclusionAmt,Part XV-A - Column (D),
RelatedOrExemptFunctionIncmAmt,Part XV-A - Column (E),
NetRntlIncmReDebtFincdPropGrp,Part XV-A Line 5a,
UnrltBusinessAndExclusionGrp,Part XV-A - Columns (A-D),
BusinessCd,Part XV-A - Column (A),
UnrelatedBusinessTaxblIncmAmt,Part XV-A - Column (B),
ExclusionCd,Part XV-A - Column (C),
ExclusionAmt,Part XV-A - Column (D),
RelatedOrExemptFunctionIncmAmt,Part XV-A - Column (E),
NetRntlIncmReNotDebtFincdProp,Part XV-A Line 5b,
UnrltBusinessAndExclusionGrp,Part XV-A - Columns (A-D),
BusinessCd,Part XV-A - Column (A),
UnrelatedBusinessTaxblIncmAmt,Part XV-A - Column (B),
ExclusionCd,Part XV-A - Column (C),
ExclusionAmt,Part XV-A - Column (D),
RelatedOrExemptFunctionIncmAmt,Part XV-A - Column (E),
NetRentalIncomePersonalPropGrp,Part XV-A Line 6,
UnrltBusinessAndExclusionGrp,Part XV-A - Columns (A-D),
BusinessCd,Part XV-A - Column (A),
UnrelatedBusinessTaxblIncmAmt,Part XV-A - Column (B),
ExclusionCd,Part XV-A - Column (C),
ExclusionAmt,Part XV-A - Column (D),
RelatedOrExemptFunctionIncmAmt,Part XV-A - Column (E),
OtherInvestmentIncomeGrp,Part XV-A Line 7,
UnrltBusinessAndExclusionNNGrp,Part XV-A - Columns (A-D),
BusinessCd,Part XV-A - Column (A),
UnrelatedBusinessTaxblIncmAmt,Part XV-A - Column (B),
ExclusionCd,Part XV-A - Column (C),
ExclusionAmt,Part XV-A - Column (D),
RelatedOrExemptFunctionIncmAmt,Part XV-A - Column (E),
GainSalesAstOthThanInvntryGrp,Part XV-A Line 8,
UnrltBusinessAndExclusionGrp,Part XV-A - Columns (A-D),
BusinessCd,Part XV-A - Column (A),
UnrelatedBusinessTaxblIncmAmt,Part XV-A - Column (B),
ExclusionCd,Part XV-A - Column (C),
ExclusionAmt,Part XV-A - Column (D),
RelatedOrExemptFunctionIncmAmt,Part XV-A - Column (E),
NetIncomeLossFromSpecialEvtGrp,Part XV-A Line 9,
UnrltBusinessAndExclusionGrp,Part XV-A - Columns (A-D),
BusinessCd,Part XV-A - Column (A),
UnrelatedBusinessTaxblIncmAmt,Part XV-A - Column (B),
ExclusionCd,Part XV-A - Column (C),
ExclusionAmt,Part XV-A - Column (D),
RelatedOrExemptFunctionIncmAmt,Part XV-A - Column (E),
GrossProfitLossSlsOfInvntryGrp,Part XV-A Line 10,
UnrltBusinessAndExclusionGrp,Part XV-A - Columns (A-D),
BusinessCd,Part XV-A  Column (A),
UnrelatedBusinessTaxblIncmAmt,Part XV-A Column (B),
ExclusionCd,Part XV-A  Column (C),
ExclusionAmt,Part XV-A  Column (D),
RelatedOrExemptFunctionIncmAmt,Part XV-A Column (E),
OtherRevenueDescribedGrp,Part XV-A Line 11,
Desc,Part XV-A Line 11,
UnrltBusinessAndExclusionGrp,Part XV-A - Columns (A-D),
BusinessCd,Part XV-A Column (A),
UnrelatedBusinessTaxblIncmAmt,Part XV-A Column (B),
ExclusionCd,Part XV-A  Column ( c),
ExclusionAmt,Part XV-A  Column (D),
RelatedOrExemptFunctionIncmAmt,Part XV-A  Column (E),
SubtotalsIncmProducingActyGrp,Part XV-A Line 12,
UnrelatedBusinessTaxblIncmAmt,Part XV-A - Column (B),
ExclusionAmt,Part XV-A - Column (D),
RelatedOrExemptFunctionIncmAmt,Part XV-A - Column (E),
TotalIncomeProducingActyAmt,Part XV-A Line 13,
Part XV-B Relationship of Activities to the Accomplishment of Exempt Purposes,,
RlnOfActyToAccomOfExmptPrpsGrp,Part XV-B,
RlnOfActyToAccomOfExmptPrpsGrp,Part XV-B,
LineNumberTxt,Part XV-B,
RelationshipStatementTxt,Part XV-B,
Part XVI Information Regarding Transfers to and Transactions and Relationships With Noncharitable Exempt Organizations,,
TrnsfrTransRlnNonchrtblEOGrp,Part XVI,
TrnsfrOfCashToNonchrtblEOInd,Part XVI Line 1a(1),
TrnsfrOtherAssetNonchrtblEOInd,Part XVI Line 1a(2),
SalesOrExchangesOfAssetsInd,Part XVI Line 1b(1),
PurchaseOfAssetsNonchrtblEOInd,Part XVI Line 1b(2),
RentalOfFacilitiesOthAssetsInd,Part XVI Line 1b(3),
ReimbursementArrangementsInd,Part XVI Line 1b(4),
LoansOrLoanGuaranteesInd,Part XVI Line 1b(5),
PerformanceOfServicesEtcInd,Part XVI Line 1b(6),
SharingOfFacilitiesEtcInd,Part XVI Line 1c,
TransferScheduleDetail,Part XVI Line 1d,
LineNumberTxt,Part XVI Line 1d Column (a),
InvolvedAmt,Part XVI Line 1d Column (b),
NoncharitableExemptOrgName,Part XVI Line 1d Column (c),
TransfersTransAndShrArrngmDesc,Part XVI Line 1d Column (d),
RelationshipsNonchrtblEOInd,Part XVI Line 2a,
RelationshipScheduleDetail,Part XVI Line 2b,
OrganizationBusinessName,Part XVI Line 2b Column (a),
OrganizationTypeDesc,Part XVI Line 2b Column (b),
RelationshipDescriptionTxt,Part XVI Line 2b Column (c),